From,To,Weight
A02,A09,0.000002
A02,A29,0.000003
A02,A05,0.000004
A28,A21,0.000005
A34,A24,0.000005
A36,A05,0.000005
A28,A05,0.000006
A36,A04,0.000006
A36,A51,0.000006
A36,A52,0.000006
A02,A13,0.000007
A36,A38,0.000007
A02,A42,0.000009
A33,A25,0.000009
A20,A05,0.00001
A28,A30,0.00001
A28,A37,0.000011
A02,A20,0.000014
A28,A41,0.000014
A28,A47,0.000014
A02,A33,0.000015
A04,A24,0.000015
A02,A04,0.000016
A02,A52,0.000016
A02,A25,0.000017
A02,A37,0.000017
A36,A13,0.000018
A28,A08,0.000019
A37,A05,0.000019
A02,A14,0.000021
A02,A38,0.000021
A28,A04,0.000021
A28,A52,0.000021
A02,A22,0.000023
A28,A19,0.000024
A02,A39,0.000025
A20,A02,0.000025
A36,A19,0.000026
A28,A23,0.000028
A36,A44,0.000032
A04,A18,0.000037
A02,A08,0.00004
A02,A30,0.00004
A20,A16,0.000043
A28,A02,0.000043
A02,A21,0.000044
A36,A26,0.000045
A36,A08,0.000047
A12,A14,0.000048
A20,A08,0.000048
A02,A10,0.000049
A36,A47,0.000049
A12,A35,0.000054
A36,A03,0.000054
A02,A35,0.000055
A12,A13,0.000056
A28,A34,0.000057
A28,A03,0.000058
A15,A38,0.000063
A02,A15,0.000065
A47,A21,0.000065
A25,A04,0.000066
A25,A52,0.000066
A36,A35,0.000067
A04,A01,0.000071
A43,A11,0.000072
A36,A50,0.000073
A15,A04,0.000074
A15,A52,0.000074
A36,A32,0.000075
A29,A04,0.000076
A29,A52,0.000076
A12,A30,0.000085
A33,A45,0.000085
A43,A21,0.000088
A20,A04,0.000089
A20,A52,0.000089
A28,A36,0.00009
A04,A35,0.000092
A04,A42,0.000093
A04,A50,0.000093
A02,A19,0.000095
A02,A27,0.000095
A43,A30,0.000096
A21,A04,0.000098
A21,A52,0.000098
A28,A39,0.000099
A36,A49,0.000099
A15,A02,0.000101
A21,A05,0.000105
A24,A04,0.000106
A24,A52,0.000106
A04,A46,0.000107
A28,A35,0.000107
A04,A51,0.000108
A28,A49,0.000112
A15,A08,0.000117
A15,A37,0.000117
A23,A05,0.000119
A30,A28,0.000119
A47,A38,0.000119
A36,A39,0.00012
A43,A04,0.000122
A43,A52,0.000122
A02,A23,0.000125
A12,A37,0.000131
A15,A22,0.000134
A50,A13,0.000137
A46,A01,0.000138
A20,A45,0.000145
A33,A31,0.000148
A37,A42,0.000149
A35,A19,0.000154
A20,A03,0.000159
A36,A11,0.00016
A31,A09,0.000161
A43,A01,0.000166
A25,A12,0.000174
A15,A13,0.000175
A02,A03,0.000176
A04,A41,0.000177
A28,A15,0.000177
A36,A07,0.000178
A46,A07,0.000179
A50,A05,0.00018
A51,A15,0.000185
A02,A06,0.000186
A36,A45,0.000188
A50,A04,0.00019
A50,A52,0.00019
A51,A26,0.00019
A11,A01,0.000194
A28,A20,0.000196
A25,A47,0.000199
A04,A16,0.0002
A04,A48,0.000203
A29,A21,0.000208
A47,A02,0.000211
A39,A41,0.000216
A12,A16,0.000217
A15,A41,0.000223
A20,A12,0.000225
A04,A47,0.00023
A36,A46,0.000236
A15,A18,0.000237
A25,A08,0.00024
A24,A05,0.000241
A32,A04,0.000245
A32,A52,0.000245
A28,A38,0.000247
A17,A26,0.000249
A12,A25,0.00026
A29,A26,0.000261
A04,A39,0.000262
A33,A04,0.000263
A33,A52,0.000263
A38,A03,0.000264
A28,A40,0.000267
A08,A43,0.00027
A04,A13,0.000278
A46,A27,0.000278
A51,A49,0.000279
A21,A16,0.000282
A12,A48,0.000283
A28,A45,0.000301
A15,A10,0.000309
A42,A04,0.000312
A42,A52,0.000312
A15,A09,0.000314
A25,A41,0.000321
A25,A17,0.000329
A46,A13,0.00033
A24,A14,0.000339
A04,A40,0.00034
A24,A49,0.000341
A20,A26,0.000348
A51,A31,0.00035
A32,A37,0.000351
A33,A48,0.000352
A20,A41,0.000357
A35,A03,0.000364
A28,A51,0.000369
A17,A01,0.000379
A30,A45,0.000379
A29,A01,0.000382
A15,A19,0.000384
A46,A12,0.000387
A24,A11,0.000393
A27,A01,0.000393
A33,A01,0.000393
A04,A38,0.0004
A36,A17,0.000408
A04,A44,0.00041
A12,A15,0.000411
A30,A50,0.000423
A11,A26,0.000426
A12,A18,0.000427
A46,A49,0.000434
A22,A04,0.000439
A22,A52,0.000439
A33,A13,0.000441
A25,A06,0.000447
A22,A17,0.000448
A12,A27,0.00045
A43,A02,0.000456
A32,A34,0.000458
A04,A49,0.00046
A33,A49,0.000466
A37,A04,0.000476
A37,A52,0.000476
A51,A01,0.000481
A04,A31,0.000484
A04,A26,0.000489
A04,A45,0.000492
A43,A41,0.000493
A51,A03,0.000496
A04,A34,0.000501
A15,A26,0.000504
A21,A10,0.000513
A28,A17,0.00052
A36,A33,0.000536
A51,A41,0.000536
A24,A45,0.000537
A14,A04,0.000538
A14,A52,0.000538
A33,A47,0.00054
A29,A18,0.000554
A15,A03,0.000556
A47,A01,0.000558
A24,A32,0.000564
A04,A32,0.000568
A37,A39,0.00057
A12,A40,0.000571
A23,A48,0.000572
A30,A11,0.000576
A21,A13,0.000578
A47,A05,0.000578
A37,A14,0.000582
A04,A10,0.000585
A42,A08,0.000585
A04,A27,0.000591
A43,A15,0.000595
A28,A33,0.000606
A24,A30,0.000607
A15,A12,0.00062
A15,A17,0.000625
A12,A41,0.000627
A15,A05,0.000628
A33,A30,0.000631
A30,A49,0.000639
A15,A34,0.000641
A24,A13,0.000641
A15,A42,0.000653
A04,A19,0.000668
A05,A23,0.000684
A22,A36,0.000684
A04,A23,0.0007
A29,A41,0.000701
A20,A19,0.000703
A28,A28,0.000706
A33,A19,0.000709
A26,A24,0.000753
A43,A31,0.000754
A29,A07,0.000762
A10,A47,0.000765
A20,A13,0.00077
A28,A42,0.000782
A32,A41,0.000784
A12,A44,0.000797
A38,A35,0.000797
A25,A07,0.000798
A32,A21,0.000798
A38,A14,0.000814
A02,A02,0.000819
A26,A11,0.000823
A04,A12,0.000832
A35,A04,0.00084
A35,A52,0.00084
A04,A36,0.000843
A33,A03,0.00085
A24,A07,0.00086
A04,A17,0.000869
A41,A04,0.000869
A41,A52,0.000869
A31,A01,0.00087
A22,A06,0.000883
A24,A31,0.000888
A04,A03,0.000897
A31,A12,0.000907
A45,A30,0.000907
A50,A26,0.00091
A33,A09,0.000913
A43,A44,0.000913
A17,A21,0.000921
A34,A25,0.000932
A51,A04,0.000933
A51,A52,0.000933
A33,A43,0.000944
A38,A05,0.000951
A43,A05,0.000954
A12,A09,0.000959
A24,A27,0.000967
A24,A35,0.000969
A20,A11,0.000972
A37,A40,0.000974
A32,A29,0.000986
A33,A41,0.001
A42,A50,0.001
A24,A43,0.00101
A33,A22,0.00101
A37,A26,0.00101
A22,A07,0.00102
A29,A34,0.00103
A24,A48,0.00105
A33,A10,0.00105
A43,A47,0.00105
A11,A05,0.00106
A43,A36,0.00106
A25,A21,0.00107
A36,A36,0.00107
A18,A09,0.00108
A19,A10,0.00109
A12,A10,0.00111
A12,A31,0.00111
A24,A40,0.00111
A25,A38,0.00111
A51,A02,0.00111
A46,A04,0.00112
A46,A52,0.00112
A23,A24,0.00114
A29,A13,0.00114
A43,A39,0.00114
A20,A44,0.00115
A12,A22,0.00118
A20,A21,0.00118
A45,A41,0.00118
A04,A11,0.00119
A10,A18,0.0012
A20,A10,0.0012
A24,A22,0.00121
A37,A03,0.00121
A15,A21,0.00122
A20,A39,0.00122
A38,A04,0.00123
A38,A52,0.00123
A51,A16,0.00123
A12,A20,0.00125
A17,A09,0.00126
A42,A27,0.00127
A30,A32,0.00128
A20,A36,0.00129
A12,A24,0.00131
A21,A02,0.00131
A24,A26,0.00131
A36,A34,0.00131
A37,A01,0.00131
A24,A06,0.00132
A41,A19,0.00132
A41,A38,0.00132
A04,A06,0.00133
A04,A08,0.00133
A29,A51,0.00133
A10,A14,0.00134
A26,A50,0.00134
A37,A06,0.00135
A18,A23,0.00136
A33,A32,0.00136
A21,A18,0.00138
A12,A32,0.0014
A32,A33,0.0014
A35,A14,0.00141
A45,A13,0.00142
A41,A49,0.00143
A12,A28,0.00144
A19,A47,0.00144
A27,A44,0.00144
A30,A01,0.00144
A15,A24,0.00145
A37,A23,0.00145
A16,A51,0.00146
A22,A40,0.00147
A42,A48,0.00148
A40,A01,0.00149
A12,A06,0.0015
A24,A09,0.0015
A17,A29,0.00151
A19,A13,0.00151
A32,A09,0.00151
A46,A19,0.00151
A37,A34,0.00152
A33,A26,0.00153
A23,A16,0.00154
A31,A02,0.00154
A04,A07,0.00155
A12,A19,0.00155
A32,A48,0.00155
A33,A35,0.00156
A15,A27,0.00157
A51,A33,0.00158
A33,A02,0.0016
A03,A46,0.00161
A30,A20,0.00161
A43,A50,0.00161
A35,A09,0.00162
A15,A47,0.00163
A24,A41,0.00163
A32,A12,0.00163
A25,A39,0.00167
A27,A23,0.00167
A15,A25,0.00168
A23,A41,0.0017
A43,A18,0.00171
A12,A49,0.00172
A24,A15,0.00172
A40,A26,0.00172
A23,A30,0.00174
A45,A01,0.00174
A12,A03,0.00175
A12,A11,0.00177
A32,A43,0.00177
A43,A38,0.00177
A21,A19,0.00179
A46,A05,0.0018
A25,A50,0.00181
A45,A08,0.00182
A31,A38,0.00185
A25,A10,0.00186
A29,A16,0.00186
A40,A41,0.00187
A43,A49,0.00187
A11,A24,0.00188
A15,A30,0.00189
A21,A12,0.00189
A24,A25,0.00189
A31,A17,0.00192
A09,A08,0.00193
A10,A16,0.00194
A19,A24,0.00197
A16,A42,0.00198
A32,A35,0.00201
A50,A38,0.00201
A22,A27,0.00202
A20,A40,0.00203
A11,A04,0.00204
A11,A52,0.00204
A07,A09,0.00205
A32,A07,0.00206
A32,A13,0.00206
A42,A06,0.00207
A21,A03,0.0021
A43,A46,0.0021
A04,A04,0.00211
A04,A52,0.00211
A21,A26,0.00211
A40,A14,0.00211
A15,A11,0.00213
A20,A37,0.00213
A41,A34,0.00213
A14,A09,0.00214
A10,A02,0.00217
A37,A49,0.00217
A50,A48,0.00217
A24,A37,0.0022
A06,A13,0.00222
A33,A18,0.00223
A40,A38,0.00223
A49,A04,0.00224
A49,A52,0.00224
A28,A10,0.00225
A46,A08,0.00225
A23,A21,0.00228
A31,A26,0.00228
A37,A27,0.00231
A51,A44,0.00231
A11,A08,0.00237
A23,A36,0.00237
A24,A34,0.00237
A42,A02,0.00237
A43,A37,0.00237
A33,A37,0.00238
A31,A24,0.00239
A12,A46,0.0024
A39,A32,0.00241
A41,A33,0.00243
A33,A39,0.00245
A11,A22,0.00246
A43,A13,0.00248
A15,A43,0.00253
A46,A30,0.00253
A20,A47,0.00254
A23,A29,0.00255
A01,A40,0.00257
A11,A19,0.00257
A18,A13,0.00257
A20,A27,0.00258
A29,A30,0.00259
A21,A22,0.0026
A27,A21,0.00262
A20,A31,0.00264
A22,A26,0.00264
A37,A50,0.00264
A20,A15,0.00265
A20,A22,0.00265
A21,A47,0.00265
A15,A20,0.00266
A20,A51,0.00266
A51,A18,0.00266
A41,A01,0.00267
A27,A41,0.00269
A48,A17,0.00269
A37,A46,0.00271
A13,A24,0.00272
A20,A30,0.00272
A51,A14,0.00273
A45,A04,0.00276
A45,A52,0.00276
A15,A23,0.00277
A20,A09,0.00279
A25,A26,0.00279
A29,A49,0.00279
A32,A08,0.00282
A20,A29,0.00283
A07,A29,0.00284
A50,A18,0.00284
A47,A41,0.00287
A50,A07,0.0029
A12,A42,0.00291
A08,A39,0.00292
A06,A36,0.00293
A21,A34,0.00293
A24,A47,0.00295
A25,A19,0.00295
A42,A36,0.00297
A38,A48,0.00302
A21,A09,0.00304
A20,A43,0.0031
A12,A29,0.00311
A42,A41,0.00311
A21,A24,0.00313
A51,A20,0.00314
A12,A07,0.0032
A51,A38,0.00323
A29,A35,0.00324
A30,A19,0.00324
A11,A20,0.00326
A41,A03,0.00326
A11,A32,0.00329
A37,A41,0.00334
A42,A11,0.00334
A25,A45,0.00335
A39,A08,0.00339
A05,A13,0.0034
A25,A42,0.0034
A31,A21,0.00343
A38,A27,0.00344
A25,A48,0.00345
A46,A21,0.00349
A29,A43,0.0035
A33,A38,0.0035
A26,A01,0.00352
A21,A08,0.00353
A35,A41,0.00354
A24,A16,0.00356
A29,A06,0.00356
A27,A22,0.00357
A42,A01,0.00357
A08,A27,0.00359
A12,A34,0.0036
A38,A26,0.00361
A15,A46,0.00362
A34,A01,0.00362
A51,A28,0.00362
A20,A23,0.00363
A01,A21,0.00365
A29,A48,0.00365
A33,A16,0.00365
A29,A40,0.00366
A03,A33,0.00369
A12,A36,0.00369
A41,A37,0.00369
A15,A51,0.00371
A25,A35,0.00376
A32,A30,0.00377
A47,A44,0.00378
A42,A28,0.00379
A49,A05,0.00381
A38,A01,0.00382
A15,A44,0.00383
A30,A08,0.00384
A50,A32,0.00391
A34,A27,0.00393
A22,A51,0.00394
A40,A02,0.00395
A45,A38,0.00396
A46,A40,0.00396
A51,A43,0.00396
A19,A35,0.00397
A07,A05,0.00398
A41,A39,0.00398
A03,A09,0.004
A23,A18,0.00402
A30,A41,0.00402
A37,A02,0.00402
A20,A25,0.00403
A34,A21,0.00405
A37,A31,0.00405
A24,A10,0.00407
A19,A16,0.00411
A23,A49,0.00416
A31,A41,0.00417
A10,A41,0.00425
A15,A31,0.00425
A32,A22,0.00426
A38,A37,0.00427
A30,A17,0.0043
A11,A41,0.00431
A19,A50,0.00435
A35,A05,0.00437
A37,A38,0.0044
A30,A07,0.00445
A45,A29,0.00446
A26,A04,0.00449
A26,A52,0.00449
A22,A12,0.00454
A23,A37,0.00459
A24,A29,0.00459
A33,A23,0.00459
A27,A34,0.00464
A21,A38,0.00465
A24,A18,0.00466
A50,A35,0.00468
A25,A20,0.00472
A19,A48,0.00473
A46,A11,0.00475
A25,A13,0.00477
A15,A36,0.0048
A17,A39,0.00485
A31,A20,0.00485
A24,A23,0.00488
A30,A48,0.00488
A41,A47,0.00489
A06,A26,0.0049
A19,A40,0.00499
A29,A09,0.00503
A46,A03,0.00505
A30,A51,0.0051
A34,A28,0.0051
A08,A13,0.00511
A32,A20,0.00521
A46,A26,0.00527
A47,A43,0.0053
A25,A28,0.00531
A41,A51,0.00532
A31,A37,0.00533
A21,A37,0.00534
A42,A47,0.00536
A38,A41,0.00539
A39,A01,0.00539
A45,A19,0.00541
A11,A37,0.00542
A51,A10,0.00547
A24,A51,0.00551
A10,A26,0.00556
A41,A50,0.00556
A45,A37,0.00558
A46,A43,0.00563
A03,A31,0.00565
A06,A01,0.00571
A17,A48,0.00573
A29,A39,0.00573
A30,A44,0.00573
A40,A46,0.00574
A37,A43,0.00583
A27,A30,0.00585
A32,A19,0.00586
A25,A43,0.00591
A34,A35,0.00591
A33,A50,0.00601
A44,A13,0.00603
A46,A17,0.00612
A43,A43,0.00618
A08,A34,0.00619
A41,A02,0.00625
A03,A49,0.00634
A11,A03,0.00638
A25,A32,0.00641
A07,A13,0.00656
A15,A28,0.00656
A49,A08,0.00656
A05,A35,0.00657
A18,A30,0.00659
A37,A47,0.00659
A34,A48,0.00663
A40,A24,0.00667
A14,A29,0.00672
A22,A21,0.00672
A41,A26,0.00672
A27,A38,0.00675
A34,A26,0.0068
A31,A34,0.00693
A34,A04,0.00693
A34,A52,0.00693
A29,A32,0.00698
A42,A45,0.007
A03,A18,0.00703
A51,A42,0.00706
A03,A01,0.0071
A45,A49,0.00711
A41,A45,0.00713
A31,A25,0.00715
A16,A45,0.0072
A19,A28,0.0072
A20,A28,0.00722
A22,A35,0.00724
A06,A21,0.00726
A41,A22,0.00728
A42,A38,0.0073
A31,A30,0.00732
A01,A03,0.00733
A22,A31,0.00737
A27,A16,0.00739
A40,A16,0.00744
A12,A23,0.00747
A29,A37,0.00747
A10,A15,0.00749
A49,A19,0.00751
A46,A31,0.00753
A36,A24,0.00762
A46,A15,0.00767
A25,A37,0.00779
A41,A32,0.00782
A40,A48,0.00783
A23,A25,0.00784
A13,A12,0.00793
A14,A02,0.00793
A38,A02,0.00797
A06,A41,0.00803
A23,A44,0.00807
A22,A10,0.00814
A32,A36,0.00814
A42,A46,0.00814
A47,A20,0.00814
A50,A10,0.00816
A46,A51,0.00828
A25,A30,0.0083
A42,A39,0.0083
A49,A43,0.00836
A49,A21,0.00841
A21,A20,0.00847
A20,A20,0.0085
A42,A44,0.00852
A32,A26,0.00858
A15,A40,0.00859
A29,A45,0.0086
A25,A33,0.00864
A08,A40,0.00867
A49,A02,0.00868
A42,A51,0.0088
A26,A21,0.00884
A41,A42,0.00884
A22,A19,0.00893
A46,A44,0.00894
A49,A49,0.00901
A10,A24,0.00904
A21,A23,0.00907
A19,A42,0.00909
A10,A43,0.00913
A31,A47,0.00913
A35,A08,0.00913
A32,A25,0.00916
A45,A24,0.00917
A27,A18,0.00918
A19,A32,0.00919
A27,A37,0.00921
A27,A43,0.00935
A12,A17,0.00937
A29,A50,0.00938
A10,A48,0.0094
A07,A42,0.00946
A41,A17,0.00946
A43,A26,0.0095
A22,A45,0.00953
A37,A37,0.00957
A14,A15,0.00969
A38,A39,0.00972
A52,A05,0.00978
A48,A04,0.00979
A48,A52,0.00979
A11,A21,0.00981
A32,A03,0.00987
A23,A43,0.00988
A21,A27,0.0099
A43,A51,0.00993
A27,A11,0.00998
A20,A42,0.01
A21,A40,0.0101
A26,A06,0.0101
A35,A26,0.0101
A45,A48,0.0101
A27,A02,0.0102
A47,A06,0.0102
A05,A12,0.0103
A10,A11,0.0103
A47,A18,0.0103
A24,A20,0.0104
A30,A46,0.0104
A23,A40,0.0105
A38,A47,0.0105
A14,A26,0.0106
A44,A01,0.0106
A46,A22,0.0106
A10,A13,0.0107
A17,A22,0.0107
A31,A11,0.0107
A47,A37,0.0107
A08,A49,0.0108
A34,A23,0.0109
A37,A18,0.0109
A34,A14,0.011
A30,A39,0.0111
A37,A16,0.0111
A34,A30,0.0112
A47,A31,0.0112
A22,A39,0.0114
A24,A28,0.0114
A48,A18,0.0114
A30,A42,0.0115
A41,A16,0.0115
A27,A45,0.0116
A40,A18,0.0117
A03,A43,0.0118
A45,A03,0.0118
A21,A11,0.0119
A26,A36,0.0121
A44,A22,0.0121
A31,A23,0.0122
A41,A35,0.0122
A20,A33,0.0123
A21,A25,0.0123
A25,A22,0.0123
A31,A16,0.0123
A19,A20,0.0124
A27,A20,0.0124
A32,A39,0.0125
A23,A33,0.0126
A13,A28,0.0127
A32,A47,0.0128
A34,A50,0.0128
A49,A33,0.0129
A25,A29,0.013
A39,A35,0.013
A05,A31,0.0131
A19,A43,0.0131
A22,A13,0.0131
A25,A25,0.0131
A11,A15,0.0132
A30,A22,0.0132
A34,A43,0.0133
A42,A17,0.0133
A09,A51,0.0134
A31,A46,0.0134
A30,A43,0.0135
A08,A51,0.0136
A11,A44,0.0136
A13,A21,0.0136
A40,A06,0.0136
A07,A20,0.0137
A42,A40,0.0137
A30,A25,0.0138
A27,A31,0.0139
A26,A03,0.014
A31,A27,0.014
A06,A08,0.0141
A33,A20,0.0141
A10,A32,0.0142
A17,A24,0.0142
A35,A45,0.0142
A49,A03,0.0142
A18,A46,0.0144
A23,A47,0.0144
A07,A33,0.0146
A38,A22,0.0146
A41,A48,0.0147
A18,A28,0.0148
A39,A06,0.0148
A49,A31,0.0148
A47,A16,0.0149
A11,A07,0.0152
A14,A24,0.0152
A15,A15,0.0154
A31,A43,0.0154
A18,A22,0.0155
A01,A34,0.0157
A07,A04,0.0157
A07,A52,0.0157
A11,A30,0.0157
A48,A05,0.0157
A10,A03,0.0158
A18,A29,0.0158
A08,A45,0.0159
A13,A04,0.0159
A13,A52,0.0159
A19,A31,0.0159
A23,A15,0.0159
A06,A30,0.016
A31,A06,0.016
A25,A09,0.0161
A35,A32,0.0161
A08,A03,0.0162
A19,A33,0.0162
A22,A32,0.0162
A03,A51,0.0163
A17,A33,0.0163
A40,A28,0.0163
A40,A42,0.0163
A10,A34,0.0164
A19,A30,0.0164
A19,A34,0.0164
A10,A30,0.0165
A47,A27,0.0165
A17,A16,0.0166
A07,A37,0.0167
A44,A41,0.0167
A07,A25,0.0169
A10,A37,0.0169
A21,A46,0.0169
A31,A18,0.017
A32,A45,0.017
A18,A25,0.0171
A45,A14,0.0171
A47,A45,0.0171
A21,A30,0.0172
A38,A40,0.0172
A39,A48,0.0172
A23,A28,0.0173
A23,A31,0.0173
A39,A38,0.0173
A30,A30,0.0174
A40,A15,0.0174
A08,A31,0.0175
A11,A38,0.0176
A24,A42,0.0177
A42,A42,0.0177
A16,A32,0.0179
A09,A16,0.018
A10,A19,0.018
A17,A50,0.018
A19,A02,0.018
A23,A02,0.018
A31,A15,0.0181
A31,A40,0.0181
A33,A28,0.0181
A30,A29,0.0182
A03,A22,0.0183
A41,A14,0.0184
A49,A44,0.0186
A05,A11,0.0187
A23,A27,0.0187
A27,A39,0.0187
A34,A41,0.0187
A34,A46,0.0187
A49,A36,0.0187
A06,A18,0.0188
A27,A17,0.0189
A18,A10,0.019
A30,A13,0.019
A11,A43,0.0191
A39,A13,0.0191
A38,A16,0.0192
A48,A08,0.0192
A08,A30,0.0193
A29,A29,0.0193
A03,A15,0.0194
A23,A12,0.0194
A10,A35,0.0195
A23,A20,0.0196
A40,A35,0.0196
A18,A14,0.0197
A45,A23,0.0197
A06,A39,0.02
A08,A19,0.02
A30,A09,0.02
A29,A24,0.0202
A03,A42,0.0205
A19,A37,0.0206
A41,A41,0.0206
A45,A02,0.0206
A06,A16,0.0207
A08,A06,0.0207
A38,A51,0.0207
A48,A47,0.0207
A10,A49,0.0208
A07,A14,0.021
A13,A10,0.021
A18,A12,0.021
A35,A07,0.0211
A07,A38,0.0212
A05,A19,0.0213
A05,A21,0.0213
A27,A25,0.0213
A45,A39,0.0213
A32,A27,0.0215
A17,A18,0.0216
A47,A50,0.0216
A38,A45,0.0217
A21,A43,0.0222
A22,A28,0.0223
A09,A02,0.0224
A11,A39,0.0224
A35,A22,0.0224
A21,A15,0.0226
A31,A36,0.0226
A14,A12,0.0227
A18,A24,0.023
A45,A40,0.023
A17,A43,0.0231
A22,A20,0.0231
A32,A50,0.0232
A07,A22,0.0233
A13,A33,0.0233
A06,A14,0.0235
A39,A45,0.0237
A03,A41,0.0238
A34,A10,0.0238
A41,A18,0.0242
A16,A05,0.0244
A21,A44,0.0244
A31,A44,0.0244
A07,A39,0.0245
A18,A17,0.0248
A34,A16,0.0249
A44,A16,0.0249
A34,A19,0.0251
A40,A34,0.0251
A11,A31,0.0255
A08,A09,0.0256
A06,A50,0.0257
A52,A43,0.0257
A35,A48,0.0259
A21,A21,0.026
A48,A02,0.026
A14,A06,0.0263
A39,A33,0.0263
A50,A24,0.0263
A11,A25,0.0266
A39,A18,0.0266
A23,A34,0.0271
A33,A42,0.0271
A05,A45,0.0272
A08,A28,0.0272
A44,A07,0.0276
A13,A36,0.0277
A18,A05,0.0277
A38,A18,0.0277
A44,A21,0.0277
A03,A48,0.028
A10,A25,0.028
A10,A29,0.0282
A18,A21,0.0286
A01,A17,0.0287
A08,A25,0.0287
A38,A50,0.0287
A13,A01,0.0288
A45,A15,0.0289
A45,A17,0.0289
A13,A51,0.0291
A10,A23,0.0292
A33,A36,0.0292
A39,A36,0.0292
A13,A03,0.0294
A27,A06,0.0294
A14,A22,0.0297
A03,A28,0.03
A11,A47,0.0303
A19,A25,0.0305
A22,A30,0.0305
A18,A20,0.0308
A31,A31,0.0308
A52,A28,0.0308
A03,A45,0.0311
A08,A23,0.0315
A14,A38,0.0315
A26,A05,0.0323
A26,A23,0.0323
A42,A34,0.0324
A06,A51,0.0325
A26,A34,0.0325
A19,A06,0.0332
A17,A23,0.0333
A18,A44,0.0334
A26,A37,0.0334
A03,A39,0.0335
A18,A11,0.0336
A32,A32,0.0337
A27,A50,0.0339
A18,A16,0.034
A27,A47,0.0341
A11,A34,0.0347
A10,A09,0.0348
A10,A22,0.0349
A09,A34,0.035
A46,A10,0.0351
A14,A45,0.0352
A34,A18,0.0353
A49,A12,0.0353
A49,A30,0.0354
A03,A16,0.0355
A14,A16,0.0355
A19,A29,0.0361
A21,A31,0.0362
A06,A04,0.0363
A06,A52,0.0363
A22,A33,0.0363
A52,A21,0.0367
A19,A09,0.0368
A34,A37,0.037
A44,A39,0.0371
A48,A19,0.0371
A49,A17,0.0371
A21,A36,0.0372
A09,A31,0.0373
A17,A20,0.0373
A05,A17,0.0374
A47,A34,0.0374
A12,A12,0.0375
A23,A42,0.0375
A26,A38,0.0375
A48,A26,0.0377
A03,A13,0.038
A17,A25,0.0382
A30,A26,0.0386
A38,A38,0.0386
A39,A07,0.0386
A26,A15,0.0387
A19,A12,0.039
A14,A34,0.0394
A50,A46,0.0394
A08,A22,0.0395
A22,A29,0.0395
A09,A03,0.0396
A05,A08,0.0399
A42,A14,0.0399
A26,A40,0.04
A47,A29,0.04
A07,A08,0.0403
A26,A02,0.0403
A07,A30,0.0404
A09,A24,0.0404
A06,A37,0.0405
A34,A38,0.0405
A14,A36,0.0407
A01,A27,0.0409
A13,A38,0.041
A39,A23,0.041
A01,A08,0.0414
A18,A18,0.0414
A06,A33,0.0415
A06,A38,0.0415
A09,A01,0.0416
A22,A25,0.0424
A08,A44,0.0426
A01,A31,0.0429
A18,A08,0.043
A17,A47,0.0431
A52,A33,0.0432
A23,A23,0.0433
A06,A45,0.0437
A51,A23,0.0439
A32,A17,0.044
A51,A45,0.044
A07,A21,0.0441
A11,A50,0.0442
A06,A12,0.0447
A16,A49,0.0447
A03,A44,0.0448
A16,A44,0.045
A10,A20,0.0451
A29,A22,0.0453
A03,A47,0.0455
A48,A48,0.0455
A14,A21,0.0456
A23,A17,0.046
A10,A12,0.0464
A38,A23,0.0466
A29,A25,0.0467
A48,A34,0.0467
A03,A38,0.0469
A09,A47,0.0477
A18,A07,0.0481
A18,A15,0.0483
A34,A03,0.0484
A13,A34,0.0489
A50,A49,0.0489
A07,A10,0.049
A13,A11,0.0491
A26,A27,0.0491
A35,A15,0.0491
A50,A47,0.0491
A30,A14,0.0493
A45,A10,0.0499
A11,A36,0.0502
A08,A05,0.0503
A22,A22,0.0503
A05,A36,0.0504
A52,A09,0.0505
A01,A07,0.0507
A11,A46,0.0507
A13,A42,0.0507
A13,A50,0.0509
A11,A12,0.051
A22,A09,0.0511
A14,A20,0.0512
A40,A51,0.0518
A27,A40,0.052
A13,A19,0.0522
A42,A22,0.0522
A08,A46,0.0527
A45,A34,0.0529
A16,A24,0.0531
A18,A36,0.0535
A13,A20,0.0541
A35,A35,0.0543
A34,A49,0.0546
A39,A14,0.0546
A07,A35,0.0547
A08,A17,0.0547
A49,A22,0.0552
A06,A10,0.0553
A16,A10,0.0553
A03,A40,0.0555
A16,A13,0.0555
A14,A18,0.0558
A26,A47,0.0558
A05,A30,0.056
A08,A24,0.056
A51,A51,0.056
A14,A37,0.0561
A05,A33,0.0564
A44,A28,0.0582
A27,A27,0.0587
A26,A31,0.059
A01,A44,0.0591
A19,A27,0.0592
A50,A20,0.0602
A23,A06,0.0603
A39,A40,0.0603
A44,A29,0.0605
A14,A10,0.0606
A10,A10,0.0609
A11,A27,0.0609
A13,A23,0.061
A17,A27,0.0613
A39,A47,0.0614
A03,A26,0.0618
A08,A04,0.0624
A08,A52,0.0624
A11,A10,0.063
A34,A45,0.064
A05,A49,0.0641
A49,A11,0.0642
A05,A37,0.0645
A19,A23,0.0645
A48,A10,0.0647
A07,A15,0.0648
A13,A46,0.0651
A39,A50,0.0651
A39,A26,0.0654
A39,A46,0.0655
A39,A39,0.0658
A08,A15,0.066
A13,A41,0.0662
A43,A22,0.0663
A45,A32,0.0666
A17,A44,0.0667
A50,A28,0.0668
A08,A11,0.0671
A08,A14,0.0672
A13,A30,0.0673
A01,A23,0.0677
A50,A23,0.0677
A16,A12,0.0678
A16,A15,0.0679
A05,A07,0.0686
A29,A10,0.0687
A47,A22,0.0688
A03,A36,0.0691
A08,A20,0.0694
A14,A49,0.0694
A48,A03,0.0703
A39,A15,0.0714
A05,A43,0.0717
A46,A46,0.0721
A08,A10,0.0729
A50,A15,0.0729
A10,A33,0.0735
A13,A02,0.0738
A40,A11,0.0771
A33,A33,0.0773
A40,A10,0.0778
A45,A35,0.0782
A09,A11,0.0786
A34,A32,0.0786
A06,A49,0.08
A39,A11,0.0801
A03,A11,0.0808
A01,A11,0.0815
A35,A49,0.082
A38,A20,0.0821
A06,A07,0.0831
A14,A05,0.0836
A19,A19,0.0836
A09,A23,0.0838
A26,A18,0.0841
A38,A24,0.0846
A08,A12,0.0849
A08,A36,0.0849
A13,A15,0.085
A52,A37,0.0852
A19,A22,0.0856
A52,A20,0.0856
A42,A10,0.0859
A14,A28,0.0863
A44,A38,0.0871
A17,A12,0.0874
A34,A02,0.0891
A17,A15,0.0907
A52,A30,0.0913
A35,A46,0.092
A03,A17,0.0921
A13,A22,0.0922
A05,A32,0.0934
A13,A29,0.0941
A07,A27,0.0947
A07,A19,0.0953
A46,A23,0.0957
A37,A22,0.0961
A35,A34,0.0972
A08,A07,0.0975
A16,A28,0.0988
A34,A51,0.0989
A16,A30,0.0993
A52,A22,0.103
A11,A17,0.104
A52,A14,0.104
A38,A46,0.107
A17,A31,0.109
A16,A11,0.11
A44,A51,0.11
A47,A47,0.111
A17,A40,0.112
A47,A40,0.112
A19,A03,0.113
A43,A12,0.113
A44,A30,0.113
A44,A44,0.113
A45,A46,0.113
A52,A25,0.114
A09,A46,0.116
A11,A11,0.116
A39,A27,0.116
A26,A16,0.117
A48,A24,0.117
A06,A35,0.118
A17,A11,0.118
A49,A20,0.118
A14,A35,0.12
A16,A20,0.12
A14,A32,0.121
A52,A29,0.121
A09,A27,0.124
A07,A23,0.125
A44,A14,0.126
A50,A50,0.126
A09,A40,0.128
A13,A47,0.129
A48,A12,0.129
A16,A21,0.13
A35,A11,0.13
A16,A25,0.131
A13,A13,0.132
A09,A36,0.133
A13,A44,0.134
A38,A10,0.134
A29,A46,0.135
A14,A14,0.136
A16,A09,0.136
A16,A17,0.138
A08,A29,0.14
A24,A24,0.14
A52,A15,0.141
A13,A27,0.143
A05,A22,0.145
A45,A45,0.145
A05,A25,0.147
A03,A07,0.149
A03,A08,0.149
A06,A06,0.15
A11,A23,0.15
A50,A42,0.15
A39,A25,0.151
A49,A25,0.152
A34,A34,0.153
A35,A20,0.153
A38,A12,0.154
A13,A09,0.155
A47,A39,0.155
A01,A36,0.157
A27,A51,0.158
A39,A51,0.158
A49,A45,0.159
A16,A18,0.16
A35,A39,0.16
A09,A18,0.161
A35,A47,0.161
A09,A44,0.166
A13,A37,0.169
A44,A50,0.169
A13,A40,0.17
A14,A33,0.17
A44,A06,0.172
A40,A49,0.174
A16,A29,0.175
A07,A03,0.176
A39,A24,0.176
A16,A22,0.18
A17,A07,0.18
A07,A07,0.181
A13,A18,0.181
A06,A19,0.182
A13,A25,0.182
A16,A16,0.185
A07,A06,0.186
A35,A30,0.187
A48,A25,0.195
A06,A32,0.198
A44,A37,0.198
A48,A20,0.198
A49,A39,0.202
A13,A16,0.203
A48,A21,0.209
A50,A51,0.209
A35,A21,0.21
A03,A03,0.211
A05,A29,0.213
A09,A09,0.213
A13,A31,0.213
A39,A10,0.218
A05,A09,0.219
A03,A06,0.22
A48,A23,0.223
A35,A23,0.228
A49,A47,0.229
A09,A15,0.233
A47,A51,0.237
A16,A07,0.24
A03,A04,0.246
A03,A52,0.246
A16,A36,0.249
A35,A27,0.25
A09,A14,0.259
A41,A21,0.259
A45,A12,0.26
A46,A20,0.264
A49,A50,0.264
A09,A05,0.265
A48,A27,0.265
A39,A34,0.275
A44,A33,0.283
A17,A17,0.284
A32,A28,0.285
A17,A06,0.29
A48,A30,0.295
A08,A08,0.297
A34,A17,0.298
A13,A14,0.302
A33,A24,0.304
A16,A08,0.313
A35,A37,0.314
A46,A28,0.314
A45,A11,0.318
A35,A31,0.331
A51,A12,0.334
A06,A03,0.336
A35,A25,0.341
A05,A01,0.353
A32,A40,0.354
A48,A11,0.358
A01,A01,0.386
A26,A26,0.399
A05,A05,0.412
A44,A42,0.414
A48,A43,0.414
A48,A40,0.415
A26,A13,0.423
A35,A38,0.423
A49,A27,0.435
A38,A29,0.437
A35,A43,0.456
A44,A49,0.456
A44,A45,0.457
A48,A46,0.459
A49,A40,0.459
A46,A42,0.465
A52,A02,0.474
A32,A15,0.49
A48,A15,0.701
A46,A33,0.749
A07,A02,0.819
A44,A32,0.851
A48,A44,0.852
A44,A35,0.853
A48,A31,0.86
A48,A36,0.963